﻿<?xml version="1.0" encoding="utf-8"?>
<publishData>
  <publishProfile publishUrl="F:\Users\Administrator\Desktop\WebSite" deleteExistingFiles="True" ftpAnonymousLogin="False" ftpPassiveMode="True" msdeploySite="" msdeploySiteID="" msdeployRemoteSitePhysicalPath="" msdeployAllowUntrustedCertificate="False" msdeploySkipExtraFilesOnServer="True" msdeployMarkAsApp="False" profileName="配置文件1" publishMethod="FileSystem" replaceMatchingFiles="False" userName="" savePWD="False" userPWD="" SelectedForPublish="True">
    <file relUrl="Content/icons/equalizer.png" publishTime="10/14/2013 10:34:28" />
    <file relUrl="Content/Easyui/extend/portal/portal.css" publishTime="10/14/2013 10:34:27" />
    <file relUrl="Scripts/json2.js" publishTime="10/14/2013 10:34:24" />
    <file relUrl="Content/Easyui/plugins/jquery.combogrid.js" publishTime="10/14/2013 10:34:25" />
    <file relUrl="Content/Easyui/themes/black/panel.css" publishTime="10/14/2013 10:34:27" />
    <file relUrl="Content/Easyui/themes/gray/images/loading.gif" publishTime="10/14/2013 10:34:25" />
    <file relUrl="Content/icons/page_back.png" publishTime="10/14/2013 10:34:29" />
    <file relUrl="Content/Easyui/themes/metro/slider.css" publishTime="10/14/2013 10:34:26" />
    <file relUrl="Content/Easyui/themes/bootstrap/images/combo_arrow.png" publishTime="10/14/2013 10:34:27" />
    <file relUrl="Content/Easyui/themes/bootstrap/propertygrid.css" publishTime="10/14/2013 10:34:27" />
    <file relUrl="Content/Easyui/themes/gray/images/calendar_arrows.png" publishTime="10/14/2013 10:34:25" />
    <file relUrl="Content/Easyui/themes/test1/images/loading.gif" publishTime="10/14/2013 10:34:27" />
    <file relUrl="Content/icons/publish.png" publishTime="10/14/2013 10:34:29" />
    <file relUrl="Content/icons/settings.png" publishTime="10/14/2013 10:34:28" />
    <file relUrl="Content/Easyui/themes/metro/images/layout_arrows.png" publishTime="10/14/2013 10:34:26" />
    <file relUrl="bin/System.Web.WebPages.Razor.dll" publishTime="10/14/2013 10:34:31" />
    <file relUrl="Content/Easyui/themes/default/dialog.css" publishTime="10/14/2013 10:34:26" />
    <file relUrl="Content/Easyui/themes/test1/images/validatebox_warning.png" publishTime="10/14/2013 10:34:27" />
    <file relUrl="Content/Easyui/plugins/jquery.datebox.js" publishTime="10/14/2013 10:34:25" />
    <file relUrl="Content/icons/signup.png" publishTime="10/14/2013 10:34:29" />
    <file relUrl="Content/Easyui/themes/gray/tree.css" publishTime="10/14/2013 10:34:25" />
    <file relUrl="Content/Easyui/themes/bootstrap/layout.css" publishTime="10/14/2013 10:34:27" />
    <file relUrl="Content/Easyui/plugins/jquery.resizable.js" publishTime="10/14/2013 10:34:25" />
    <file relUrl="Content/Easyui/themes/default/combobox.css" publishTime="10/14/2013 10:34:26" />
    <file relUrl="Content/Easyui/themes/bootstrap/easyui.css" publishTime="11/11/2013 16:29:01" />
    <file relUrl="Content/Easyui/plugins/jquery.spinner.js" publishTime="10/14/2013 10:34:25" />
    <file relUrl="Content/Easyui/themes/test2/images/linkbutton_bg.png" publishTime="10/14/2013 10:34:27" />
    <file relUrl="Content/Easyui/themes/metro/images/searchbox_button.png" publishTime="10/14/2013 10:34:26" />
    <file relUrl="Content/Easyui/themes/gray/images/menu_arrows.png" publishTime="10/14/2013 10:34:25" />
    <file relUrl="Content/Easyui/themes/icons/filesave.png" publishTime="10/14/2013 10:34:26" />
    <file relUrl="Content/icons/finished.png" publishTime="10/14/2013 10:34:29" />
    <file relUrl="Content/Easyui/themes/black/menu.css" publishTime="10/14/2013 10:34:27" />
    <file relUrl="Content/Easyui/src/jquery.linkbutton.js" publishTime="10/14/2013 10:34:27" />
    <file relUrl="Content/Easyui/themes/default/linkbutton.css" publishTime="10/14/2013 10:34:26" />
    <file relUrl="Content/Easyui/plugins/jquery.datetimebox.js" publishTime="10/14/2013 10:34:25" />
    <file relUrl="bin/System.Web.Razor.xml" publishTime="10/14/2013 10:34:31" />
    <file relUrl="bin/Newtonsoft.Json.xml" publishTime="10/14/2013 10:34:32" />
    <file relUrl="Content/Easyui/plugins/jquery.panel.js" publishTime="10/14/2013 10:34:25" />
    <file relUrl="bin/Owin.dll" publishTime="10/14/2013 10:34:36" />
    <file relUrl="Content/icons/undo.png" publishTime="10/14/2013 10:34:28" />
    <file relUrl="bin/System.Web.Extensions.dll" publishTime="03/18/2010 19:31:26" />
    <file relUrl="bin/System.Web.Http.WebHost.xml" publishTime="10/14/2013 10:34:30" />
    <file relUrl="bin/System.Web.Helpers.dll" publishTime="10/14/2013 10:34:31" />
    <file relUrl="Content/Easyui/themes/black/images/panel_tools.png" publishTime="10/14/2013 10:34:27" />
    <file relUrl="Content/icons/edit_add.png" publishTime="10/14/2013 10:34:28" />
    <file relUrl="Content/Easyui/themes/default/images/datagrid_icons.png" publishTime="10/14/2013 10:34:26" />
    <file relUrl="Content/icons/eye.png" publishTime="10/14/2013 10:34:29" />
    <file relUrl="Content/icons/no.png" publishTime="10/14/2013 10:34:29" />
    <file relUrl="Content/Easyui/themes/metro/images/datebox_arrow.png" publishTime="10/14/2013 10:34:26" />
    <file relUrl="Content/Easyui/themes/icons/tip.png" publishTime="10/14/2013 10:34:26" />
    <file relUrl="Content/Easyui/themes/gray/combobox.css" publishTime="10/14/2013 10:34:25" />
    <file relUrl="Content/icons/delete.png" publishTime="10/14/2013 10:34:29" />
    <file relUrl="Content/Easyui/extend/jquery.dialogwindow.js" publishTime="11/13/2013 16:06:47" />
    <file relUrl="Content/Easyui/themes/bootstrap/datagrid.css" publishTime="10/14/2013 10:34:27" />
    <file relUrl="Content/Easyui/themes/icons/print.png" publishTime="10/14/2013 10:34:26" />
    <file relUrl="Content/Easyui/themes/test2/images/menu_arrows.png" publishTime="10/14/2013 10:34:27" />
    <file relUrl="bin/System.Net.Http.WebRequest.xml" publishTime="10/14/2013 10:34:36" />
    <file relUrl="Content/Easyui/themes/metro/calendar.css" publishTime="10/14/2013 10:34:26" />
    <file relUrl="Content/Easyui/themes/bootstrap/images/datagrid_icons.png" publishTime="10/14/2013 10:34:27" />
    <file relUrl="Content/icons/add.png" publishTime="10/14/2013 10:34:29" />
    <file relUrl="Content/My97DatePicker/开发包/readme.txt" publishTime="10/16/2013 10:10:56" />
    <file relUrl="Content/Easyui/themes/black/images/calendar_arrows.png" publishTime="10/14/2013 10:34:27" />
    <file relUrl="Content/icons/networking.png" publishTime="10/14/2013 10:34:29" />
    <file relUrl="Content/icons/sum.png" publishTime="10/14/2013 10:34:29" />
    <file relUrl="Content/icons/car.png" publishTime="10/14/2013 10:34:29" />
    <file relUrl="Content/Easyui/themes/test1/images/datagrid_icons.png" publishTime="10/14/2013 10:34:27" />
    <file relUrl="bin/zh-Hans/System.Web.WebPages.resources.dll" publishTime="10/14/2013 10:34:31" />
    <file relUrl="Content/Easyui/themes/test2/images/panel_tools.png" publishTime="10/14/2013 10:34:27" />
    <file relUrl="Content/Easyui/themes/icons/edit_add.png" publishTime="10/14/2013 10:34:26" />
    <file relUrl="Content/Easyui/plugins/jquery.parser.js" publishTime="10/14/2013 10:34:25" />
    <file relUrl="Content/Easyui/themes/bootstrap/images/spinner_arrows.png" publishTime="10/14/2013 10:34:27" />
    <file relUrl="Content/Easyui/themes/metro/tabs.css" publishTime="10/14/2013 10:34:26" />
    <file relUrl="Content/Easyui/themes/bootstrap/splitbutton.css" publishTime="10/14/2013 10:34:27" />
    <file relUrl="Content/Easyui/plugins/jquery.numberbox.js" publishTime="10/14/2013 10:34:25" />
    <file relUrl="Content/Easyui/themes/test1/images/pagination_icons.png" publishTime="10/14/2013 10:34:27" />
    <file relUrl="Content/Easyui/plugins/jquery.pagination.js" publishTime="10/14/2013 10:34:25" />
    <file relUrl="Content/icons/load.png" publishTime="11/01/2013 09:07:54" />
    <file relUrl="Content/Easyui/themes/gray/progressbar.css" publishTime="10/14/2013 10:34:25" />
    <file relUrl="Content/icons/back.png" publishTime="10/14/2013 10:34:29" />
    <file relUrl="Content/Easyui/themes/gray/images/pagination_icons.png" publishTime="10/14/2013 10:34:25" />
    <file relUrl="Content/Easyui/themes/test1/images/linkbutton_bg.png" publishTime="10/14/2013 10:34:27" />
    <file relUrl="Content/icons/application_view_tile.png" publishTime="10/14/2013 10:34:29" />
    <file relUrl="Content/Easyui/themes/icons/ok.png" publishTime="10/14/2013 10:34:26" />
    <file relUrl="Content/Easyui/themes/metro/window.css" publishTime="10/14/2013 10:34:26" />
    <file relUrl="Content/icons/application.png" publishTime="10/14/2013 10:34:29" />
    <file relUrl="Content/My97DatePicker/lang/zh-tw.js" publishTime="10/16/2013 10:10:56" />
    <file relUrl="Web.config" publishTime="11/20/2013 10:18:53" />
    <file relUrl="Content/icons/chartbar.png" publishTime="10/14/2013 10:34:29" />
    <file relUrl="Content/Easyui/themes/black/slider.css" publishTime="10/14/2013 10:34:27" />
    <file relUrl="Content/icons/design.png" publishTime="10/14/2013 10:34:29" />
    <file relUrl="Content/Easyui/plugins/jquery.slider.js" publishTime="10/14/2013 10:34:25" />
    <file relUrl="Content/Easyui/themes/metro/images/accordion_arrows.png" publishTime="10/14/2013 10:34:26" />
    <file relUrl="bin/System.Web.Http.dll" publishTime="10/14/2013 10:34:32" />
    <file relUrl="Content/Easyui/themes/default/tabs.css" publishTime="10/14/2013 10:34:26" />
    <file relUrl="Content/icons/folder.png" publishTime="10/14/2013 10:34:29" />
    <file relUrl="Content/Easyui/themes/gray/panel.css" publishTime="10/14/2013 10:34:25" />
    <file relUrl="Content/Easyui/themes/bootstrap/messager.css" publishTime="10/14/2013 10:34:27" />
    <file relUrl="bin/zh-Hans/System.Web.Mvc.resources.dll" publishTime="10/14/2013 10:34:31" />
    <file relUrl="Content/Easyui/themes/metro/combo.css" publishTime="10/14/2013 10:34:26" />
    <file relUrl="Content/Easyui/themes/test2/images/tabs_icons.png" publishTime="10/14/2013 10:34:27" />
    <file relUrl="Content/Easyui/themes/test1/images/combo_arrow.png" publishTime="10/14/2013 10:34:27" />
    <file relUrl="Content/Easyui/themes/gray/window.css" publishTime="10/14/2013 10:34:25" />
    <file relUrl="Content/icons/addfolder.png" publishTime="10/14/2013 10:34:29" />
    <file relUrl="Views/Shared/SessionOutTime.cshtml" publishTime="11/18/2013 16:06:24" />
    <file relUrl="Content/icons/disk_download.png" publishTime="10/14/2013 10:34:29" />
    <file relUrl="Content/Easyui/themes/black/images/tabs_icons.png" publishTime="10/14/2013 10:34:27" />
    <file relUrl="Content/Easyui/themes/black/datagrid.css" publishTime="10/14/2013 10:34:27" />
    <file relUrl="Content/Easyui/themes/bootstrap/menu.css" publishTime="10/14/2013 10:34:27" />
    <file relUrl="Content/icons/copy.png" publishTime="10/14/2013 10:34:29" />
    <file relUrl="Scripts/jquery-1.9.1.min.js" publishTime="10/14/2013 10:34:24" />
    <file relUrl="Content/Easyui/jquery.easyui.min.js" publishTime="10/24/2013 13:27:37" />
    <file relUrl="Content/icons/list.png" publishTime="10/14/2013 10:34:29" />
    <file relUrl="Content/icons/drawings.png" publishTime="10/14/2013 10:34:29" />
    <file relUrl="Content/icons/hire.png" publishTime="10/14/2013 10:34:29" />
    <file relUrl="Content/Easyui/themes/gray/images/slider_handle.png" publishTime="10/14/2013 10:34:25" />
    <file relUrl="Content/icons/class.png" publishTime="11/01/2013 09:07:54" />
    <file relUrl="Content/icons/icon.css" publishTime="11/11/2013 16:32:48" />
    <file relUrl="Content/icons/email.png" publishTime="10/14/2013 10:34:29" />
    <file relUrl="Content/icons/signin.png" publishTime="10/14/2013 10:34:29" />
    <file relUrl="Content/icons/alarm.png" publishTime="11/01/2013 09:07:54" />
    <file relUrl="bin/WebActivatorEx.dll" publishTime="10/14/2013 10:34:30" />
    <file relUrl="Content/Easyui/themes/test1/images/layout_arrows.png" publishTime="10/14/2013 10:34:27" />
    <file relUrl="Content/Easyui/themes/metro/images/pagination_icons.png" publishTime="10/14/2013 10:34:26" />
    <file relUrl="Content/icons/right.png" publishTime="10/14/2013 10:34:29" />
    <file relUrl="Content/images/shkPic_03.gif" publishTime="11/19/2013 15:53:15" />
    <file relUrl="Content/icons/zoom.png" publishTime="10/14/2013 10:34:28" />
    <file relUrl="Content/Easyui/themes/default/images/tree_icons.png" publishTime="10/14/2013 10:34:26" />
    <file relUrl="Content/Easyui/themes/metro/datebox.css" publishTime="10/14/2013 10:34:26" />
    <file relUrl="Content/icons/lock.png" publishTime="10/14/2013 10:34:29" />
    <file relUrl="bin/System.Net.Http.dll" publishTime="10/14/2013 10:34:36" />
    <file relUrl="Content/My97DatePicker/开发包/skin/default/datepicker.css" publishTime="10/16/2013 10:10:56" />
    <file relUrl="Content/Easyui/themes/gray/linkbutton.css" publishTime="10/14/2013 10:34:25" />
    <file relUrl="bin/System.Net.Http.WebRequest.dll" publishTime="10/14/2013 10:34:36" />
    <file relUrl="Content/icons/dept.png" publishTime="11/01/2013 09:07:54" />
    <file relUrl="Content/icons/cut.png" publishTime="10/14/2013 10:34:28" />
    <file relUrl="Content/icons/communication.png" publishTime="10/14/2013 10:34:29" />
    <file relUrl="Content/Easyui/themes/gray/images/tree_icons.png" publishTime="10/14/2013 10:34:25" />
    <file relUrl="Content/Easyui/themes/metro/images/tree_icons.png" publishTime="10/14/2013 10:34:26" />
    <file relUrl="Content/icons/business.png" publishTime="10/14/2013 10:34:29" />
    <file relUrl="Content/Easyui/themes/default/easyui.css" publishTime="11/11/2013 16:25:30" />
    <file relUrl="bin/BW.MMS.DBUtility.dll" publishTime="11/20/2013 10:18:44" />
    <file relUrl="bin/Microsoft.AspNet.SignalR.Core.dll" publishTime="10/14/2013 10:34:30" />
    <file relUrl="Content/Easyui/themes/bootstrap/spinner.css" publishTime="10/14/2013 10:34:27" />
    <file relUrl="Content/Easyui/themes/black/dialog.css" publishTime="10/14/2013 10:34:27" />
    <file relUrl="Content/icons/searchall.png" publishTime="10/14/2013 10:34:29" />
    <file relUrl="Content/Easyui/themes/bootstrap/images/datebox_arrow.png" publishTime="10/14/2013 10:34:27" />
    <file relUrl="Content/Easyui/plugins/jquery.combotree.js" publishTime="10/14/2013 10:34:25" />
    <file relUrl="Content/Easyui/themes/test1/images/searchbox_button.png" publishTime="10/14/2013 10:34:27" />
    <file relUrl="Content/icons/film.png" publishTime="10/14/2013 10:34:28" />
    <file relUrl="Content/icons/product.png" publishTime="10/14/2013 10:34:29" />
    <file relUrl="Content/icons/keyboard.png" publishTime="10/14/2013 10:34:29" />
    <file relUrl="Content/Easyui/themes/metro/menu.css" publishTime="10/14/2013 10:34:26" />
    <file relUrl="Content/css/table.css" publishTime="11/14/2013 11:39:29" />
    <file relUrl="Content/Easyui/plugins/jquery.timespinner.js" publishTime="10/14/2013 10:34:25" />
    <file relUrl="Content/Easyui/themes/black/pagination.css" publishTime="10/14/2013 10:34:27" />
    <file relUrl="Content/Easyui/themes/black/images/spinner_arrows.png" publishTime="10/14/2013 10:34:27" />
    <file relUrl="Content/Easyui/themes/black/layout.css" publishTime="10/14/2013 10:34:27" />
    <file relUrl="Content/Easyui/themes/default/images/pagination_icons.png" publishTime="10/14/2013 10:34:26" />
    <file relUrl="Content/Easyui/themes/test1/images/panel_tools.png" publishTime="10/14/2013 10:34:27" />
    <file relUrl="bin/zh-Hans/System.Web.Http.WebHost.resources.dll" publishTime="10/14/2013 10:34:30" />
    <file relUrl="Content/Easyui/themes/default/images/datebox_arrow.png" publishTime="10/14/2013 10:34:26" />
    <file relUrl="bin/BW.MMS.Web.dll" publishTime="11/20/2013 10:18:46" />
    <file relUrl="Content/Easyui/themes/bootstrap/validatebox.css" publishTime="10/14/2013 10:34:27" />
    <file relUrl="Content/Easyui/themes/gray/tabs.css" publishTime="10/14/2013 10:34:25" />
    <file relUrl="Content/icons/config.png" publishTime="10/14/2013 10:34:29" />
    <file relUrl="Content/icons/suppliers.png" publishTime="10/14/2013 10:34:28" />
    <file relUrl="Content/icons/realtime.png" publishTime="11/01/2013 09:07:54" />
    <file relUrl="Content/Easyui/themes/default/window.css" publishTime="10/14/2013 10:34:26" />
    <file relUrl="bin/zh-Hans/System.Web.WebPages.Razor.resources.dll" publishTime="10/14/2013 10:34:31" />
    <file relUrl="Content/icons/logout.png" publishTime="10/14/2013 10:34:28" />
    <file relUrl="Content/Easyui/themes/default/images/spinner_arrows.png" publishTime="10/14/2013 10:34:26" />
    <file relUrl="Content/icons/heart.png" publishTime="10/14/2013 10:34:29" />
    <file relUrl="Content/Easyui/themes/black/propertygrid.css" publishTime="10/14/2013 10:34:27" />
    <file relUrl="Content/Easyui/themes/default/combo.css" publishTime="10/14/2013 10:34:26" />
    <file relUrl="Content/Easyui/themes/bootstrap/pagination.css" publishTime="10/14/2013 10:34:27" />
    <file relUrl="Content/Easyui/themes/bootstrap/linkbutton.css" publishTime="10/14/2013 10:34:27" />
    <file relUrl="bin/System.Web.Mvc.xml" publishTime="10/14/2013 10:34:31" />
    <file relUrl="Content/Easyui/extend/portal/jquery.portal.js" publishTime="11/08/2013 16:51:33" />
    <file relUrl="Content/icons/cancel.png" publishTime="10/14/2013 10:34:29" />
    <file relUrl="Content/Easyui/themes/metro/images/datagrid_icons.png" publishTime="10/14/2013 10:34:26" />
    <file relUrl="Content/icons/printer.png" publishTime="10/14/2013 10:34:28" />
    <file relUrl="Content/Easyui/themes/gray/images/spinner_arrows.png" publishTime="10/14/2013 10:34:25" />
    <file relUrl="Content/icons/edit_remove.png" publishTime="10/14/2013 10:34:28" />
    <file relUrl="Content/Easyui/themes/icons/pencil.png" publishTime="10/14/2013 10:34:26" />
    <file relUrl="Content/Easyui/themes/default/panel.css" publishTime="10/14/2013 10:34:26" />
    <file relUrl="Content/Easyui/themes/gray/splitbutton.css" publishTime="10/14/2013 10:34:26" />
    <file relUrl="Content/Easyui/themes/test2/images/layout_arrows.png" publishTime="10/14/2013 10:34:27" />
    <file relUrl="Content/Easyui/themes/black/images/combo_arrow.png" publishTime="10/14/2013 10:34:27" />
    <file relUrl="Content/icons/house.png" publishTime="10/14/2013 10:34:29" />
    <file relUrl="Content/Easyui/themes/default/progressbar.css" publishTime="10/14/2013 10:34:26" />
    <file relUrl="Content/Easyui/extend/accordionmenu/jquery.accordionmenu.css" publishTime="11/11/2013 17:14:23" />
    <file relUrl="Content/Easyui/themes/metro/layout.css" publishTime="10/14/2013 10:34:26" />
    <file relUrl="bin/Ionic.Zip.dll" publishTime="10/14/2013 10:34:34" />
    <file relUrl="Content/Easyui/plugins/jquery.tabs.js" publishTime="10/14/2013 10:34:25" />
    <file relUrl="Content/icons/daily_capacity.png" publishTime="11/01/2013 09:07:54" />
    <file relUrl="Content/Easyui/src/jquery.window.js" publishTime="10/14/2013 10:34:27" />
    <file relUrl="Content/icons/exit.png" publishTime="10/14/2013 10:34:29" />
    <file relUrl="Content/icons/phone.png" publishTime="10/14/2013 10:34:28" />
    <file relUrl="Content/icons/up.png" publishTime="10/14/2013 10:34:29" />
    <file relUrl="Content/Easyui/themes/black/combobox.css" publishTime="10/14/2013 10:34:27" />
    <file relUrl="Content/Easyui/themes/metro/images/tabs_icons.png" publishTime="10/14/2013 10:34:26" />
    <file relUrl="Content/Easyui/plugins/jquery.linkbutton.js" publishTime="10/14/2013 10:34:25" />
    <file relUrl="Content/Easyui/themes/gray/combo.css" publishTime="10/14/2013 10:34:25" />
    <file relUrl="bin/zh-Hans/System.Web.Http.resources.dll" publishTime="10/14/2013 10:34:32" />
    <file relUrl="Content/Easyui/themes/bootstrap/images/layout_arrows.png" publishTime="10/14/2013 10:34:27" />
    <file relUrl="Content/Easyui/themes/metro/images/calendar_arrows.png" publishTime="10/14/2013 10:34:26" />
    <file relUrl="Content/Easyui/themes/test1/images/tree_icons.png" publishTime="10/14/2013 10:34:27" />
    <file relUrl="Content/My97DatePicker/WdatePicker.js" publishTime="10/16/2013 10:10:56" />
    <file relUrl="bin/System.Web.Abstractions.dll" publishTime="03/18/2010 19:31:26" />
    <file relUrl="Content/Easyui/themes/black/images/searchbox_button.png" publishTime="10/14/2013 10:34:27" />
    <file relUrl="Content/icons/application_view_list.png" publishTime="10/14/2013 10:34:29" />
    <file relUrl="Content/icons/tip.png" publishTime="10/14/2013 10:34:29" />
    <file relUrl="Content/Easyui/themes/icons/sum.png" publishTime="10/14/2013 10:34:26" />
    <file relUrl="bin/Microsoft.Owin.Host.SystemWeb.dll" publishTime="10/14/2013 10:34:36" />
    <file relUrl="Content/icons/lorry.png" publishTime="10/14/2013 10:34:28" />
    <file relUrl="Content/Easyui/themes/default/images/slider_handle.png" publishTime="10/14/2013 10:34:26" />
    <file relUrl="Content/Easyui/src/jquery.tabs.js" publishTime="10/14/2013 10:34:27" />
    <file relUrl="Content/icons/accept.png" publishTime="10/14/2013 10:34:29" />
    <file relUrl="Content/Easyui/plugins/jquery.messager.js" publishTime="10/14/2013 10:34:25" />
    <file relUrl="Content/Easyui/extend/accordionmenu/jquery.accordionmenu.js" publishTime="11/19/2013 15:43:07" />
    <file relUrl="Content/icons/note.png" publishTime="10/14/2013 10:34:29" />
    <file relUrl="Content/Easyui/themes/default/calendar.css" publishTime="10/14/2013 10:34:26" />
    <file relUrl="Content/Easyui/themes/metro/images/loading.gif" publishTime="10/14/2013 10:34:26" />
    <file relUrl="bin/System.Web.Helpers.xml" publishTime="10/14/2013 10:34:31" />
    <file relUrl="Content/Easyui/themes/default/images/panel_tools.png" publishTime="10/14/2013 10:34:26" />
    <file relUrl="Views/Shared/Error.cshtml" publishTime="11/18/2013 16:06:24" />
    <file relUrl="Content/Easyui/themes/gray/datebox.css" publishTime="10/14/2013 10:34:26" />
    <file relUrl="Content/Easyui/themes/test2/images/datebox_arrow.png" publishTime="10/14/2013 10:34:27" />
    <file relUrl="Content/Easyui/themes/black/linkbutton.css" publishTime="10/14/2013 10:34:27" />
    <file relUrl="Content/Easyui/themes/black/images/datagrid_icons.png" publishTime="10/14/2013 10:34:27" />
    <file relUrl="Content/Easyui/themes/black/progressbar.css" publishTime="10/14/2013 10:34:27" />
    <file relUrl="Content/Easyui/themes/icons/cut.png" publishTime="10/14/2013 10:34:26" />
    <file relUrl="Global.asax" publishTime="10/14/2013 10:34:24" />
    <file relUrl="Content/Easyui/src/jquery.calendar.js" publishTime="10/14/2013 10:34:27" />
    <file relUrl="Content/icons/credit.png" publishTime="10/14/2013 10:34:29" />
    <file relUrl="Content/Easyui/themes/black/easyui.css" publishTime="11/11/2013 16:28:57" />
    <file relUrl="Content/Easyui/themes/default/images/accordion_arrows.png" publishTime="10/14/2013 10:34:26" />
    <file relUrl="Content/Easyui/src/jquery.form.js" publishTime="10/14/2013 10:34:27" />
    <file relUrl="Content/icons/ok.png" publishTime="10/14/2013 10:34:29" />
    <file relUrl="Content/Easyui/themes/metro/panel.css" publishTime="10/14/2013 10:34:26" />
    <file relUrl="Content/Easyui/themes/bootstrap/tabs.css" publishTime="10/14/2013 10:34:27" />
    <file relUrl="Content/Easyui/plugins/jquery.form.js" publishTime="10/14/2013 10:34:25" />
    <file relUrl="Content/Easyui/plugins/jquery.tree.js" publishTime="10/14/2013 10:34:25" />
    <file relUrl="bin/Microsoft.Web.Infrastructure.dll" publishTime="10/14/2013 10:34:31" />
    <file relUrl="Content/Easyui/themes/gray/images/accordion_arrows.png" publishTime="10/14/2013 10:34:25" />
    <file relUrl="Content/Easyui/themes/default/datebox.css" publishTime="10/14/2013 10:34:26" />
    <file relUrl="Content/Easyui/extend/datagrid-detailview.js" publishTime="10/15/2013 12:26:30" />
    <file relUrl="Content/Easyui/themes/bootstrap/images/slider_handle.png" publishTime="10/14/2013 10:34:27" />
    <file relUrl="Content/Easyui/extend/jquery.combo.js" publishTime="11/14/2013 09:18:24" />
    <file relUrl="Content/icons/future.png" publishTime="10/14/2013 10:34:29" />
    <file relUrl="Content/Easyui/themes/metro/easyui.css" publishTime="11/11/2013 16:29:32" />
    <file relUrl="Content/icons/database.png" publishTime="10/14/2013 10:34:29" />
    <file relUrl="Content/Easyui/themes/metro/images/spinner_arrows.png" publishTime="10/14/2013 10:34:26" />
    <file relUrl="Content/Easyui/themes/metro/datagrid.css" publishTime="10/14/2013 10:34:26" />
    <file relUrl="Content/Easyui/themes/metro/images/menu_arrows.png" publishTime="10/14/2013 10:34:26" />
    <file relUrl="Content/Easyui/plugins/jquery.splitbutton.js" publishTime="10/14/2013 10:34:25" />
    <file relUrl="Content/Easyui/plugins/jquery.progressbar.js" publishTime="10/14/2013 10:34:25" />
    <file relUrl="Content/icons/camera.png" publishTime="10/14/2013 10:34:28" />
    <file relUrl="Content/icons/coins.png" publishTime="10/14/2013 10:34:29" />
    <file relUrl="bin/zh-Hans/System.Net.Http.WebRequest.resources.dll" publishTime="10/14/2013 10:34:36" />
    <file relUrl="Content/icons/find.png" publishTime="10/14/2013 10:34:29" />
    <file relUrl="Content/Easyui/themes/default/images/validatebox_warning.png" publishTime="10/14/2013 10:34:26" />
    <file relUrl="bin/System.Web.WebPages.Razor.xml" publishTime="10/14/2013 10:34:31" />
    <file relUrl="Content/Easyui/themes/default/menubutton.css" publishTime="10/14/2013 10:34:26" />
    <file relUrl="Content/Easyui/themes/gray/datagrid.css" publishTime="10/14/2013 10:34:26" />
    <file relUrl="Content/Easyui/themes/default/searchbox.css" publishTime="10/14/2013 10:34:26" />
    <file relUrl="Content/My97DatePicker/开发包/skin/whyGreen/bg.jpg" publishTime="10/16/2013 10:10:56" />
    <file relUrl="bin/Microsoft.AspNet.SignalR.SystemWeb.xml" publishTime="10/14/2013 10:34:36" />
    <file relUrl="Content/icons/ipod.png" publishTime="10/14/2013 10:34:29" />
    <file relUrl="bin/Microsoft.AspNet.SignalR.Owin.dll" publishTime="10/14/2013 10:34:33" />
    <file relUrl="Content/Easyui/themes/metro/propertygrid.css" publishTime="10/14/2013 10:34:26" />
    <file relUrl="Content/Easyui/themes/bootstrap/images/blank.gif" publishTime="10/14/2013 10:34:27" />
    <file relUrl="Content/Easyui/themes/default/validatebox.css" publishTime="10/14/2013 10:34:26" />
    <file relUrl="Content/icons/disk.png" publishTime="10/14/2013 10:34:29" />
    <file relUrl="Content/icons/energy_plan.png" publishTime="11/01/2013 09:07:54" />
    <file relUrl="Content/icons/login.png" publishTime="10/14/2013 10:34:29" />
    <file relUrl="Content/Easyui/src/jquery.parser.js" publishTime="10/14/2013 10:34:27" />
    <file relUrl="Content/Easyui/themes/bootstrap/progressbar.css" publishTime="10/14/2013 10:34:27" />
    <file relUrl="Content/Easyui/themes/bootstrap/images/pagination_icons.png" publishTime="10/14/2013 10:34:27" />
    <file relUrl="Content/icons/application_edit.png" publishTime="10/14/2013 10:34:28" />
    <file relUrl="Content/Easyui/themes/default/tooltip.css" publishTime="10/14/2013 10:34:26" />
    <file relUrl="Resouce/20121203_153400_8000_7002.wav" publishTime="11/19/2013 13:18:41" />
    <file relUrl="Content/Easyui/themes/test1/images/accordion_arrows.png" publishTime="10/14/2013 10:34:27" />
    <file relUrl="Content/icons/arae.png" publishTime="11/01/2013 09:07:54" />
    <file relUrl="Content/icons/address.png" publishTime="10/14/2013 10:34:29" />
    <file relUrl="Content/icons/arrow_left.png" publishTime="10/14/2013 10:34:29" />
    <file relUrl="Views/Home/Error.cshtml" publishTime="11/19/2013 14:41:20" />
    <file relUrl="Content/My97DatePicker/skin/WdatePicker.css" publishTime="10/16/2013 10:10:56" />
    <file relUrl="bin/Newtonsoft.Json.dll" publishTime="10/14/2013 10:34:32" />
    <file relUrl="Content/icons/bank.png" publishTime="10/14/2013 10:34:29" />
    <file relUrl="Content/icons/home.png" publishTime="10/14/2013 10:34:29" />
    <file relUrl="bin/System.Web.WebPages.xml" publishTime="10/14/2013 10:34:31" />
    <file relUrl="Content/icons/color.png" publishTime="10/14/2013 10:34:28" />
    <file relUrl="Content/icons/down.png" publishTime="10/14/2013 10:34:29" />
    <file relUrl="bin/System.Web.Http.WebHost.dll" publishTime="10/14/2013 10:34:30" />
    <file relUrl="Content/icons/redo.png" publishTime="10/14/2013 10:34:29" />
    <file relUrl="Content/icons/pencil.png" publishTime="10/14/2013 10:34:28" />
    <file relUrl="Content/Easyui/themes/gray/menubutton.css" publishTime="10/14/2013 10:34:25" />
    <file relUrl="Content/Easyui/themes/icons/undo.png" publishTime="10/14/2013 10:34:26" />
    <file relUrl="Content/Easyui/themes/metro/images/messager_icons.png" publishTime="10/14/2013 10:34:26" />
    <file relUrl="Content/Easyui/plugins/jquery.searchbox.js" publishTime="10/14/2013 10:34:25" />
    <file relUrl="Content/Easyui/src/jquery.propertygrid.js" publishTime="10/14/2013 10:34:27" />
    <file relUrl="Content/Easyui/themes/gray/tooltip.css" publishTime="10/14/2013 10:34:25" />
    <file relUrl="Content/My97DatePicker/开发包/skin/default/img.gif" publishTime="10/16/2013 10:10:56" />
    <file relUrl="Content/Easyui/themes/default/propertygrid.css" publishTime="10/14/2013 10:34:26" />
    <file relUrl="Views/Home/Default.cshtml" publishTime="11/19/2013 16:05:15" />
    <file relUrl="Content/Easyui/themes/black/validatebox.css" publishTime="10/14/2013 10:34:27" />
    <file relUrl="Content/Easyui/themes/black/images/menu_arrows.png" publishTime="10/14/2013 10:34:27" />
    <file relUrl="bin/System.Web.WebPages.Deployment.dll" publishTime="10/14/2013 10:34:31" />
    <file relUrl="bin/BW.MMS.DAL.pdb" publishTime="11/20/2013 10:18:44" />
    <file relUrl="Content/Easyui/themes/gray/menu.css" publishTime="10/14/2013 10:34:25" />
    <file relUrl="Content/Easyui/themes/bootstrap/panel.css" publishTime="10/14/2013 10:34:27" />
    <file relUrl="Content/icons/load_alarm.png" publishTime="11/01/2013 09:07:54" />
    <file relUrl="Content/icons/shipping.png" publishTime="10/14/2013 10:34:28" />
    <file relUrl="Content/icons/sitemap.png" publishTime="10/14/2013 10:34:28" />
    <file relUrl="Content/My97DatePicker/My97DatePicker.htm" publishTime="10/16/2013 10:10:56" />
    <file relUrl="Content/Easyui/themes/metro/validatebox.css" publishTime="10/14/2013 10:34:26" />
    <file relUrl="Content/Easyui/themes/metro/images/validatebox_warning.png" publishTime="10/14/2013 10:34:26" />
    <file relUrl="Content/Easyui/themes/icons/help.png" publishTime="10/14/2013 10:34:26" />
    <file relUrl="Content/My97DatePicker/config.js" publishTime="10/16/2013 10:10:56" />
    <file relUrl="Content/icons/book.png" publishTime="10/14/2013 10:34:29" />
    <file relUrl="Content/Easyui/themes/bootstrap/searchbox.css" publishTime="10/14/2013 10:34:27" />
    <file relUrl="Content/Easyui/themes/gray/images/searchbox_button.png" publishTime="10/14/2013 10:34:25" />
    <file relUrl="Content/icons/time.png" publishTime="10/14/2013 10:34:28" />
    <file relUrl="bin/System.Web.Razor.dll" publishTime="10/14/2013 10:34:31" />
    <file relUrl="Content/Easyui/themes/bootstrap/images/linkbutton_bg.png" publishTime="10/14/2013 10:34:27" />
    <file relUrl="Content/icons/flag.png" publishTime="10/14/2013 10:34:29" />
    <file relUrl="Content/icons/exitapp.png" publishTime="11/01/2013 15:21:00" />
    <file relUrl="Content/Easyui/themes/gray/easyui.css" publishTime="11/11/2013 16:29:05" />
    <file relUrl="Content/Easyui/plugins/jquery.combo.js" publishTime="11/12/2013 17:01:58" />
    <file relUrl="Content/icons/advertising.png" publishTime="10/14/2013 10:34:29" />
    <file relUrl="Content/Easyui/themes/icons/mini_refresh.png" publishTime="10/14/2013 10:34:26" />
    <file relUrl="Content/Easyui/themes/gray/images/panel_tools.png" publishTime="10/14/2013 10:34:25" />
    <file relUrl="Scripts/BW.Common.js" publishTime="11/12/2013 15:21:24" />
    <file relUrl="Content/Easyui/themes/default/images/messager_icons.png" publishTime="10/14/2013 10:34:26" />
    <file relUrl="Content/icons/mini_refresh.png" publishTime="10/14/2013 10:34:29" />
    <file relUrl="Content/icons/graphic.png" publishTime="10/14/2013 10:34:29" />
    <file relUrl="Content/My97DatePicker/开发包/skin/whyGreen/datepicker.css" publishTime="10/16/2013 10:10:57" />
    <file relUrl="Content/Easyui/themes/icons/blank.gif" publishTime="10/14/2013 10:34:26" />
    <file relUrl="Content/Easyui/themes/gray/dialog.css" publishTime="10/14/2013 10:34:25" />
    <file relUrl="Content/Easyui/themes/gray/images/combo_arrow.png" publishTime="10/14/2013 10:34:25" />
    <file relUrl="Content/My97DatePicker/skin/datePicker.gif" publishTime="10/16/2013 10:10:56" />
    <file relUrl="Content/icons/mini_add.png" publishTime="10/14/2013 10:34:29" />
    <file relUrl="Content/Easyui/themes/gray/pagination.css" publishTime="10/14/2013 10:34:25" />
    <file relUrl="Content/icons/world.png" publishTime="10/14/2013 10:34:29" />
    <file relUrl="Content/Easyui/themes/icons/reload.png" publishTime="10/14/2013 10:34:26" />
    <file relUrl="Content/icons/terminal.png" publishTime="10/14/2013 10:34:29" />
    <file relUrl="Content/Easyui/themes/gray/layout.css" publishTime="10/14/2013 10:34:25" />
    <file relUrl="Content/icons/budget.png" publishTime="11/01/2013 09:07:54" />
    <file relUrl="Content/Easyui/extend/window.js" publishTime="11/19/2013 13:34:56" />
    <file relUrl="Content/icons/project.png" publishTime="10/14/2013 10:34:28" />
    <file relUrl="Content/Easyui/themes/black/spinner.css" publishTime="10/14/2013 10:34:27" />
    <file relUrl="Content/icons/download.png" publishTime="10/14/2013 10:34:29" />
    <file relUrl="Content/icons/folder_star.png" publishTime="10/14/2013 10:34:29" />
    <file relUrl="Content/icons/current.png" publishTime="10/14/2013 10:34:28" />
    <file relUrl="Content/My97DatePicker/skin/default/img.gif" publishTime="10/16/2013 10:10:56" />
    <file relUrl="Content/My97DatePicker/lang/zh-cn.js" publishTime="10/16/2013 10:10:56" />
    <file relUrl="Content/Easyui/themes/default/pagination.css" publishTime="10/14/2013 10:34:26" />
    <file relUrl="Content/Easyui/themes/gray/images/layout_arrows.png" publishTime="10/14/2013 10:34:25" />
    <file relUrl="Content/Easyui/themes/test1/images/spinner_arrows.png" publishTime="10/14/2013 10:34:27" />
    <file relUrl="Content/Easyui/themes/default/images/layout_arrows.png" publishTime="10/14/2013 10:34:26" />
    <file relUrl="Content/Easyui/themes/gray/images/validatebox_warning.png" publishTime="10/14/2013 10:34:25" />
    <file relUrl="Content/Easyui/plugins/jquery.calendar.js" publishTime="10/14/2013 10:34:25" />
    <file relUrl="Content/Easyui/themes/test2/images/combo_arrow.png" publishTime="10/14/2013 10:34:27" />
    <file relUrl="Content/icons/page_word.png" publishTime="10/14/2013 10:34:29" />
    <file relUrl="Content/icons/page_find.png" publishTime="10/14/2013 10:34:29" />
    <file relUrl="Content/icons/billing.png" publishTime="10/14/2013 10:34:29" />
    <file relUrl="Content/icons/female.png" publishTime="10/14/2013 10:34:29" />
    <file relUrl="Content/icons/replace.png" publishTime="10/14/2013 10:34:28" />
    <file relUrl="Content/Easyui/themes/gray/messager.css" publishTime="10/14/2013 10:34:25" />
    <file relUrl="bin/NPOI.dll" publishTime="10/14/2013 10:34:34" />
    <file relUrl="Content/Easyui/src/jquery.droppable.js" publishTime="10/14/2013 10:34:27" />
    <file relUrl="bin/System.Web.Mvc.dll" publishTime="10/14/2013 10:34:31" />
    <file relUrl="Content/Easyui/themes/black/calendar.css" publishTime="10/14/2013 10:34:27" />
    <file relUrl="Content/My97DatePicker/开发包/lang/en.js" publishTime="10/16/2013 10:10:56" />
    <file relUrl="Content/Easyui/plugins/jquery.menu.js" publishTime="10/14/2013 10:34:25" />
    <file relUrl="Content/Easyui/themes/bootstrap/slider.css" publishTime="10/14/2013 10:34:27" />
    <file relUrl="Content/Easyui/themes/test1/images/calendar_arrows.png" publishTime="10/14/2013 10:34:27" />
    <file relUrl="Content/icons/male.png" publishTime="10/14/2013 10:34:29" />
    <file relUrl="Content/Easyui/themes/test2/images/calendar_arrows.png" publishTime="10/14/2013 10:34:27" />
    <file relUrl="Content/Easyui/themes/default/images/menu_arrows.png" publishTime="10/14/2013 10:34:26" />
    <file relUrl="Content/icons/bug.png" publishTime="10/14/2013 10:34:29" />
    <file relUrl="bin/zh-Hans/System.Net.Http.Formatting.resources.dll" publishTime="10/14/2013 10:34:30" />
    <file relUrl="bin/BW.MMS.Web.pdb" publishTime="11/20/2013 10:18:46" />
    <file relUrl="bin/System.Web.Http.xml" publishTime="10/14/2013 10:34:32" />
    <file relUrl="Content/Easyui/themes/gray/validatebox.css" publishTime="10/14/2013 10:34:25" />
    <file relUrl="Content/My97DatePicker/lang/en.js" publishTime="10/16/2013 10:10:56" />
    <file relUrl="Content/Easyui/themes/icons/edit_remove.png" publishTime="10/14/2013 10:34:26" />
    <file relUrl="Content/Easyui/themes/icons/cancel.png" publishTime="10/14/2013 10:34:26" />
    <file relUrl="Content/icons/basket.png" publishTime="10/14/2013 10:34:29" />
    <file relUrl="Content/icons/telescope.png" publishTime="10/14/2013 10:34:28" />
    <file relUrl="Content/icons/budget_energy.png" publishTime="11/01/2013 09:07:54" />
    <file relUrl="bin/System.Net.Http.Formatting.dll" publishTime="10/14/2013 10:34:30" />
    <file relUrl="Content/Easyui/themes/default/images/tabs_icons.png" publishTime="10/14/2013 10:34:26" />
    <file relUrl="Content/Easyui/themes/black/images/pagination_icons.png" publishTime="10/14/2013 10:34:27" />
    <file relUrl="Content/Easyui/themes/gray/images/tabs_icons.png" publishTime="10/14/2013 10:34:25" />
    <file relUrl="Content/icons/statistics.png" publishTime="10/14/2013 10:34:29" />
    <file relUrl="Content/icons/library.png" publishTime="10/14/2013 10:34:29" />
    <file relUrl="Content/icons/page_excel.png" publishTime="10/14/2013 10:34:28" />
    <file relUrl="Content/icons/alarm_history.png" publishTime="11/01/2013 09:07:54" />
    <file relUrl="Content/Easyui/src/jquery.draggable.js" publishTime="10/14/2013 10:34:27" />
    <file relUrl="Content/icons/graphy.png" publishTime="10/14/2013 10:34:29" />
    <file relUrl="Content/Easyui/themes/black/images/datebox_arrow.png" publishTime="10/14/2013 10:34:27" />
    <file relUrl="Content/Easyui/themes/bootstrap/tree.css" publishTime="10/14/2013 10:34:27" />
    <file relUrl="Content/Easyui/themes/metro/spinner.css" publishTime="10/14/2013 10:34:26" />
    <file relUrl="Content/Easyui/themes/bootstrap/images/messager_icons.png" publishTime="10/14/2013 10:34:27" />
    <file relUrl="Content/Easyui/themes/black/images/slider_handle.png" publishTime="10/14/2013 10:34:27" />
    <file relUrl="Content/icons/lightbulb.png" publishTime="10/14/2013 10:34:29" />
    <file relUrl="Content/Easyui/themes/metro/messager.css" publishTime="10/14/2013 10:34:26" />
    <file relUrl="Content/Easyui/themes/gray/propertygrid.css" publishTime="10/14/2013 10:34:25" />
    <file relUrl="Content/Easyui/themes/default/images/blank.gif" publishTime="10/14/2013 10:34:26" />
    <file relUrl="Views/Home/Index.cshtml" publishTime="11/20/2013 10:18:09" />
    <file relUrl="Content/My97DatePicker/开发包/skin/WdatePicker.css" publishTime="10/16/2013 10:10:56" />
    <file relUrl="Content/Easyui/themes/gray/searchbox.css" publishTime="10/14/2013 10:34:26" />
    <file relUrl="Content/Easyui/themes/test2/images/searchbox_button.png" publishTime="10/14/2013 10:34:27" />
    <file relUrl="packages.config" publishTime="10/14/2013 10:34:24" />
    <file relUrl="Content/icons/pictures.png" publishTime="10/14/2013 10:34:28" />
    <file relUrl="Content/icons/star.png" publishTime="10/14/2013 10:34:29" />
    <file relUrl="Content/Easyui/src/jquery.progressbar.js" publishTime="10/14/2013 10:34:27" />
    <file relUrl="Content/Easyui/extend/mask.js" publishTime="11/14/2013 11:29:26" />
    <file relUrl="Content/My97DatePicker/skin/whyGreen/bg.jpg" publishTime="10/16/2013 10:10:56" />
    <file relUrl="Content/Easyui/themes/gray/accordion.css" publishTime="10/14/2013 10:34:25" />
    <file relUrl="Content/Easyui/themes/bootstrap/images/calendar_arrows.png" publishTime="10/14/2013 10:34:27" />
    <file relUrl="Content/Easyui/themes/test1/images/datebox_arrow.png" publishTime="10/14/2013 10:34:27" />
    <file relUrl="bin/BW.MMS.BLL.pdb" publishTime="11/20/2013 10:18:45" />
    <file relUrl="Content/Easyui/themes/test2/images/messager_icons.png" publishTime="10/14/2013 10:34:27" />
    <file relUrl="Content/icons/order.png" publishTime="10/14/2013 10:34:29" />
    <file relUrl="Content/Easyui/plugins/jquery.droppable.js" publishTime="10/14/2013 10:34:25" />
    <file relUrl="Content/Easyui/themes/black/window.css" publishTime="10/14/2013 10:34:27" />
    <file relUrl="Content/Easyui/plugins/jquery.tooltip.js" publishTime="10/14/2013 10:34:25" />
    <file relUrl="Content/My97DatePicker/skin/whyGreen/datepicker.css" publishTime="10/16/2013 10:10:56" />
    <file relUrl="Content/icons/reload.png" publishTime="10/14/2013 10:34:29" />
    <file relUrl="Content/icons/move.png" publishTime="10/14/2013 10:34:28" />
    <file relUrl="Content/icons/signout.png" publishTime="10/14/2013 10:34:29" />
    <file relUrl="Content/Easyui/themes/bootstrap/images/tabs_icons.png" publishTime="10/14/2013 10:34:27" />
    <file relUrl="Content/icons/contact.png" publishTime="10/14/2013 10:34:28" />
    <file relUrl="Content/icons/chartorganisation.png" publishTime="10/14/2013 10:34:29" />
    <file relUrl="Content/Easyui/themes/black/images/accordion_arrows.png" publishTime="10/14/2013 10:34:27" />
    <file relUrl="Content/Easyui/themes/test2/images/blank.gif" publishTime="10/14/2013 10:34:27" />
    <file relUrl="Content/Easyui/src/jquery.combobox.js" publishTime="11/12/2013 16:47:18" />
    <file relUrl="Content/Easyui/themes/default/menu.css" publishTime="10/14/2013 10:34:26" />
    <file relUrl="Content/Easyui/src/jquery.menu.js" publishTime="10/14/2013 10:34:27" />
    <file relUrl="Content/Easyui/themes/metro/combobox.css" publishTime="10/14/2013 10:34:26" />
    <file relUrl="Content/Easyui/themes/test2/images/validatebox_warning.png" publishTime="10/14/2013 10:34:27" />
    <file relUrl="bin/System.Web.WebPages.dll" publishTime="10/14/2013 10:34:31" />
    <file relUrl="bin/BW.MMS.Model.dll" publishTime="11/20/2013 10:18:44" />
    <file relUrl="Content/icons/search.png" publishTime="10/14/2013 10:34:29" />
    <file relUrl="Content/Easyui/themes/black/tree.css" publishTime="10/14/2013 10:34:27" />
    <file relUrl="Content/Easyui/plugins/jquery.dialog.js" publishTime="10/14/2013 10:34:25" />
    <file relUrl="Content/Easyui/themes/black/images/tree_icons.png" publishTime="10/14/2013 10:34:27" />
    <file relUrl="Content/icons/help.png" publishTime="10/14/2013 10:34:29" />
    <file relUrl="Views/Web.config" publishTime="11/18/2013 16:21:32" />
    <file relUrl="Content/Easyui/themes/default/images/combo_arrow.png" publishTime="10/14/2013 10:34:26" />
    <file relUrl="Content/Easyui/themes/test1/easyui.css" publishTime="11/11/2013 16:29:56" />
    <file relUrl="Content/Easyui/themes/default/images/linkbutton_bg.png" publishTime="10/14/2013 10:34:26" />
    <file relUrl="Content/Easyui/themes/bootstrap/images/tree_icons.png" publishTime="10/14/2013 10:34:27" />
    <file relUrl="Content/Easyui/themes/bootstrap/tooltip.css" publishTime="10/14/2013 10:34:27" />
    <file relUrl="Content/Easyui/themes/icons/no.png" publishTime="10/14/2013 10:34:26" />
    <file relUrl="Content/Easyui/themes/metro/images/slider_handle.png" publishTime="10/14/2013 10:34:26" />
    <file relUrl="Content/Easyui/themes/black/images/blank.gif" publishTime="10/14/2013 10:34:27" />
    <file relUrl="Content/icons/upload.png" publishTime="10/14/2013 10:34:29" />
    <file relUrl="Content/icons/excel.png" publishTime="10/14/2013 10:34:29" />
    <file relUrl="Content/icons/refresh.png" publishTime="10/14/2013 10:34:29" />
    <file relUrl="Content/Easyui/themes/black/tabs.css" publishTime="10/14/2013 10:34:27" />
    <file relUrl="bin/zh-Hans/System.Web.Razor.resources.dll" publishTime="10/14/2013 10:34:31" />
    <file relUrl="Content/icons/left.png" publishTime="10/14/2013 10:34:28" />
    <file relUrl="Content/Easyui/themes/metro/splitbutton.css" publishTime="10/14/2013 10:34:26" />
    <file relUrl="Content/Easyui/themes/bootstrap/images/validatebox_warning.png" publishTime="10/14/2013 10:34:27" />
    <file relUrl="Content/icons/share.png" publishTime="10/14/2013 10:34:28" />
    <file relUrl="bin/Microsoft.AspNet.SignalR.Core.xml" publishTime="10/14/2013 10:34:30" />
    <file relUrl="Content/Easyui/themes/bootstrap/menubutton.css" publishTime="10/14/2013 10:34:27" />
    <file relUrl="Content/Easyui/themes/gray/images/blank.gif" publishTime="10/14/2013 10:34:25" />
    <file relUrl="Content/Easyui/themes/bootstrap/calendar.css" publishTime="10/14/2013 10:34:27" />
    <file relUrl="Content/Easyui/themes/test2/images/accordion_arrows.png" publishTime="10/14/2013 10:34:27" />
    <file relUrl="Content/Easyui/themes/black/images/validatebox_warning.png" publishTime="10/14/2013 10:34:27" />
    <file relUrl="Content/icons/user.png" publishTime="10/14/2013 10:34:29" />
    <file relUrl="bin/zh-Hans/System.Web.Helpers.resources.dll" publishTime="10/14/2013 10:34:31" />
    <file relUrl="Content/icons/edit.png" publishTime="10/14/2013 10:34:28" />
    <file relUrl="Content/icons/cart.png" publishTime="10/14/2013 10:34:29" />
    <file relUrl="Content/Easyui/themes/default/accordion.css" publishTime="10/14/2013 10:34:26" />
    <file relUrl="Content/icons/filesave.png" publishTime="10/14/2013 10:34:29" />
    <file relUrl="Content/Easyui/themes/icons/redo.png" publishTime="10/14/2013 10:34:26" />
    <file relUrl="Content/Easyui/themes/metro/tooltip.css" publishTime="10/14/2013 10:34:26" />
    <file relUrl="Content/Easyui/themes/icons/back.png" publishTime="10/14/2013 10:34:26" />
    <file relUrl="Content/Easyui/themes/gray/slider.css" publishTime="10/14/2013 10:34:26" />
    <file relUrl="Content/icons/img.png" publishTime="10/14/2013 10:34:28" />
    <file relUrl="Content/Easyui/themes/black/tooltip.css" publishTime="10/14/2013 10:34:27" />
    <file relUrl="Content/Easyui/plugins/jquery.combobox.js" publishTime="10/14/2013 10:34:25" />
    <file relUrl="Content/icons/music.png" publishTime="10/14/2013 10:34:29" />
    <file relUrl="Content/Easyui/themes/bootstrap/combo.css" publishTime="10/14/2013 10:34:27" />
    <file relUrl="Content/Easyui/themes/default/slider.css" publishTime="10/14/2013 10:34:26" />
    <file relUrl="Content/icons/print.png" publishTime="10/14/2013 10:34:29" />
    <file relUrl="Content/Easyui/themes/test2/images/loading.gif" publishTime="10/14/2013 10:34:27" />
    <file relUrl="Content/Easyui/themes/black/accordion.css" publishTime="10/14/2013 10:34:27" />
    <file relUrl="Content/icons/busy.png" publishTime="10/14/2013 10:34:28" />
    <file relUrl="Content/icons/cog.png" publishTime="10/14/2013 10:34:29" />
    <file relUrl="Content/icons/font.png" publishTime="10/14/2013 10:34:29" />
    <file relUrl="Content/icons/alarm_current.png" publishTime="11/01/2013 09:07:54" />
    <file relUrl="Content/Easyui/src/jquery.accordion.js" publishTime="10/14/2013 10:34:27" />
    <file relUrl="Content/Easyui/plugins/jquery.treegrid.js" publishTime="10/14/2013 10:34:25" />
    <file relUrl="Content/Easyui/themes/bootstrap/images/panel_tools.png" publishTime="10/14/2013 10:34:27" />
    <file relUrl="Content/Easyui/themes/test1/images/blank.gif" publishTime="10/14/2013 10:34:27" />
    <file relUrl="Content/Easyui/themes/metro/images/panel_tools.png" publishTime="10/14/2013 10:34:26" />
    <file relUrl="Content/icons/customers.png" publishTime="10/14/2013 10:34:29" />
    <file relUrl="Content/icons/ruby.png" publishTime="10/14/2013 10:34:29" />
    <file relUrl="Content/My97DatePicker/skin/default/datepicker.css" publishTime="10/16/2013 10:10:56" />
    <file relUrl="bin/System.Net.Http.xml" publishTime="10/14/2013 10:34:36" />
    <file relUrl="Content/icons/laptop.png" publishTime="10/14/2013 10:34:29" />
    <file relUrl="Content/icons/load_setting.png" publishTime="11/01/2013 09:07:54" />
    <file relUrl="Content/Easyui/themes/test2/easyui.css" publishTime="11/11/2013 16:30:34" />
    <file relUrl="Content/Easyui/themes/bootstrap/accordion.css" publishTime="10/14/2013 10:34:27" />
    <file relUrl="bin/BW.MMS.BLL.dll" publishTime="11/20/2013 10:18:45" />
    <file relUrl="Content/icons/showreel.png" publishTime="10/14/2013 10:34:29" />
    <file relUrl="Content/Easyui/themes/metro/linkbutton.css" publishTime="10/14/2013 10:34:26" />
    <file relUrl="Content/Easyui/themes/metro/images/combo_arrow.png" publishTime="10/14/2013 10:34:26" />
    <file relUrl="Content/icons/bestseller.png" publishTime="10/14/2013 10:34:29" />
    <file relUrl="Content/Easyui/themes/icons/search.png" publishTime="10/14/2013 10:34:26" />
    <file relUrl="Content/Easyui/themes/bootstrap/images/accordion_arrows.png" publishTime="10/14/2013 10:34:27" />
    <file relUrl="Content/Easyui/themes/test2/images/slider_handle.png" publishTime="10/14/2013 10:34:27" />
    <file relUrl="Content/icons/cursor.png" publishTime="10/14/2013 10:34:29" />
    <file relUrl="Content/Easyui/themes/metro/tree.css" publishTime="10/14/2013 10:34:26" />
    <file relUrl="Content/images/shkPic_01.gif" publishTime="11/19/2013 15:28:13" />
    <file relUrl="Content/icons/milestone.png" publishTime="10/14/2013 10:34:29" />
    <file relUrl="Content/Easyui/themes/metro/searchbox.css" publishTime="10/14/2013 10:34:26" />
    <file relUrl="Content/Easyui/themes/bootstrap/combobox.css" publishTime="10/14/2013 10:34:27" />
    <file relUrl="Content/Easyui/themes/test1/images/messager_icons.png" publishTime="10/14/2013 10:34:27" />
    <file relUrl="Views/Shared/_Layout.cshtml" publishTime="11/19/2013 11:55:26" />
    <file relUrl="Content/Easyui/src/easyloader.js" publishTime="10/14/2013 10:34:27" />
    <file relUrl="Content/Easyui/plugins/jquery.accordion.js" publishTime="10/14/2013 10:34:25" />
    <file relUrl="Content/Easyui/themes/default/images/calendar_arrows.png" publishTime="10/14/2013 10:34:26" />
    <file relUrl="Content/Easyui/plugins/jquery.menubutton.js" publishTime="10/14/2013 10:34:25" />
    <file relUrl="Content/Easyui/themes/black/splitbutton.css" publishTime="10/14/2013 10:34:27" />
    <file relUrl="Content/My97DatePicker/开发包/lang/zh-tw.js" publishTime="10/16/2013 10:10:56" />
    <file relUrl="Content/icons/archives.png" publishTime="10/14/2013 10:34:28" />
    <file relUrl="Content/Easyui/themes/black/images/linkbutton_bg.png" publishTime="10/14/2013 10:34:27" />
    <file relUrl="Content/Easyui/easyloader.js" publishTime="10/14/2013 10:34:25" />
    <file relUrl="Content/Easyui/themes/default/messager.css" publishTime="10/14/2013 10:34:26" />
    <file relUrl="Content/Easyui/plugins/jquery.layout.js" publishTime="10/14/2013 10:34:25" />
    <file relUrl="Content/Easyui/themes/gray/spinner.css" publishTime="10/14/2013 10:34:26" />
    <file relUrl="Content/Easyui/themes/black/images/layout_arrows.png" publishTime="10/14/2013 10:34:27" />
    <file relUrl="Content/Easyui/themes/bootstrap/images/loading.gif" publishTime="10/14/2013 10:34:27" />
    <file relUrl="Content/Easyui/themes/black/searchbox.css" publishTime="10/14/2013 10:34:27" />
    <file relUrl="Content/Easyui/themes/icon.css" publishTime="10/14/2013 10:34:25" />
    <file relUrl="Content/Easyui/themes/test2/images/tree_icons.png" publishTime="10/14/2013 10:34:27" />
    <file relUrl="Content/Easyui/themes/default/spinner.css" publishTime="10/14/2013 10:34:26" />
    <file relUrl="Content/Easyui/themes/metro/images/linkbutton_bg.png" publishTime="10/14/2013 10:34:26" />
    <file relUrl="Content/Easyui/themes/bootstrap/datebox.css" publishTime="10/14/2013 10:34:27" />
    <file relUrl="Content/Easyui/themes/gray/images/datagrid_icons.png" publishTime="10/14/2013 10:34:25" />
    <file relUrl="Content/icons/folder_add.png" publishTime="10/14/2013 10:34:29" />
    <file relUrl="Content/icons/mini_edit.png" publishTime="10/14/2013 10:34:29" />
    <file relUrl="Content/Easyui/plugins/jquery.window.js" publishTime="10/14/2013 10:34:25" />
    <file relUrl="bin/Microsoft.Owin.Host.SystemWeb.xml" publishTime="10/14/2013 10:34:36" />
    <file relUrl="Content/icons/theme.png" publishTime="11/01/2013 15:21:00" />
    <file relUrl="Content/Easyui/src/jquery.slider.js" publishTime="10/14/2013 10:34:27" />
    <file relUrl="Content/icons/special.png" publishTime="10/14/2013 10:34:28" />
    <file relUrl="bin/System.Web.Routing.dll" publishTime="03/18/2010 19:31:26" />
    <file relUrl="bin/System.Web.WebPages.Deployment.xml" publishTime="10/14/2013 10:34:31" />
    <file relUrl="Content/icons/bell.png" publishTime="10/14/2013 10:34:28" />
    <file relUrl="Content/Easyui/themes/metro/pagination.css" publishTime="10/14/2013 10:34:26" />
    <file relUrl="Content/Easyui/themes/test1/images/menu_arrows.png" publishTime="10/14/2013 10:34:27" />
    <file relUrl="Content/Easyui/themes/icons/mini_add.png" publishTime="10/14/2013 10:34:26" />
    <file relUrl="Content/Easyui/themes/test2/images/pagination_icons.png" publishTime="10/14/2013 10:34:27" />
    <file relUrl="Content/Easyui/themes/black/combo.css" publishTime="10/14/2013 10:34:27" />
    <file relUrl="bin/zh-Hans/System.Web.WebPages.Deployment.resources.dll" publishTime="10/14/2013 10:34:31" />
    <file relUrl="Content/Easyui/themes/gray/calendar.css" publishTime="10/14/2013 10:34:25" />
    <file relUrl="Content/icons/arrow_down.png" publishTime="10/14/2013 10:34:29" />
    <file relUrl="bin/Microsoft.AspNet.SignalR.Owin.xml" publishTime="10/14/2013 10:34:33" />
    <file relUrl="Content/Easyui/themes/black/menubutton.css" publishTime="10/14/2013 10:34:27" />
    <file relUrl="Content/Easyui/themes/test1/images/tabs_icons.png" publishTime="10/14/2013 10:34:27" />
    <file relUrl="Content/icons/comment.png" publishTime="10/14/2013 10:34:29" />
    <file relUrl="Content/Easyui/themes/metro/progressbar.css" publishTime="10/14/2013 10:34:26" />
    <file relUrl="Content/My97DatePicker/calendar.js" publishTime="10/16/2013 10:10:56" />
    <file relUrl="Content/icons/old.png" publishTime="10/14/2013 10:34:29" />
    <file relUrl="Content/Easyui/themes/metro/images/blank.gif" publishTime="10/14/2013 10:34:26" />
    <file relUrl="Content/icons/process.png" publishTime="10/14/2013 10:34:29" />
    <file relUrl="Content/icons/calendar.png" publishTime="10/14/2013 10:34:29" />
    <file relUrl="Content/Easyui/themes/black/datebox.css" publishTime="10/14/2013 10:34:27" />
    <file relUrl="Content/icons/report.png" publishTime="11/01/2013 09:07:54" />
    <file relUrl="Content/Easyui/src/jquery.resizable.js" publishTime="10/14/2013 10:34:27" />
    <file relUrl="Content/Easyui/plugins/jquery.datagrid.js" publishTime="10/14/2013 10:34:25" />
    <file relUrl="bin/BW.MMS.Model.pdb" publishTime="11/20/2013 10:18:44" />
    <file relUrl="Content/Easyui/plugins/jquery.draggable.js" publishTime="10/14/2013 10:34:25" />
    <file relUrl="Content/Easyui/themes/gray/images/datebox_arrow.png" publishTime="10/14/2013 10:34:25" />
    <file relUrl="Content/Easyui/themes/bootstrap/dialog.css" publishTime="10/14/2013 10:34:27" />
    <file relUrl="bin/BW.MMS.DAL.dll" publishTime="11/20/2013 10:18:45" />
    <file relUrl="Content/Easyui/themes/default/tree.css" publishTime="10/14/2013 10:34:26" />
    <file relUrl="Scripts/jquery-1.9.1.js" publishTime="10/14/2013 10:34:24" />
    <file relUrl="Scripts/initialize.js" publishTime="11/19/2013 15:35:51" />
    <file relUrl="Content/icons/monitoring.png" publishTime="11/01/2013 09:07:54" />
    <file relUrl="Content/Easyui/themes/default/layout.css" publishTime="10/14/2013 10:34:26" />
    <file relUrl="Content/Easyui/themes/black/images/loading.gif" publishTime="10/14/2013 10:34:27" />
    <file relUrl="Content/Easyui/plugins/jquery.propertygrid.js" publishTime="10/14/2013 10:34:25" />
    <file relUrl="bin/System.Net.Http.Formatting.xml" publishTime="10/14/2013 10:34:30" />
    <file relUrl="Views/Home/PlayWav.cshtml" publishTime="11/19/2013 14:57:45" />
    <file relUrl="Content/Easyui/themes/metro/menubutton.css" publishTime="10/14/2013 10:34:26" />
    <file relUrl="Content/icons/layout.png" publishTime="10/14/2013 10:34:29" />
    <file relUrl="Content/My97DatePicker/开发包/skin/whyGreen/img.gif" publishTime="10/16/2013 10:10:57" />
    <file relUrl="Content/icons/energy_type.png" publishTime="11/01/2013 09:07:54" />
    <file relUrl="Content/My97DatePicker/skin/whyGreen/img.gif" publishTime="10/16/2013 10:10:56" />
    <file relUrl="Content/Easyui/themes/metro/dialog.css" publishTime="10/14/2013 10:34:26" />
    <file relUrl="Content/Easyui/plugins/jquery.numberspinner.js" publishTime="10/14/2013 10:34:25" />
    <file relUrl="Content/Easyui/themes/bootstrap/images/searchbox_button.png" publishTime="10/14/2013 10:34:27" />
    <file relUrl="Content/Easyui/themes/gray/images/messager_icons.png" publishTime="10/14/2013 10:34:25" />
    <file relUrl="Content/icons/html.png" publishTime="10/14/2013 10:34:29" />
    <file relUrl="Content/icons/bricks.png" publishTime="10/14/2013 10:34:29" />
    <file relUrl="Content/Easyui/themes/test2/images/datagrid_icons.png" publishTime="10/14/2013 10:34:27" />
    <file relUrl="bin/Microsoft.AspNet.SignalR.SystemWeb.dll" publishTime="10/14/2013 10:34:36" />
    <file relUrl="Content/Easyui/themes/test2/images/spinner_arrows.png" publishTime="10/14/2013 10:34:27" />
    <file relUrl="Content/Easyui/themes/black/images/messager_icons.png" publishTime="10/14/2013 10:34:27" />
    <file relUrl="Content/Easyui/themes/gray/images/linkbutton_bg.png" publishTime="10/14/2013 10:34:25" />
    <file relUrl="Content/icons/sensor.png" publishTime="11/01/2013 09:07:54" />
    <file relUrl="bin/NPOI.xml" publishTime="10/14/2013 10:34:34" />
    <file relUrl="Content/Easyui/themes/metro/accordion.css" publishTime="10/14/2013 10:34:26" />
    <file relUrl="bin/zh-Hans/System.Net.Http.resources.dll" publishTime="10/14/2013 10:34:36" />
    <file relUrl="Content/My97DatePicker/开发包/skin/datePicker.gif" publishTime="10/16/2013 10:10:56" />
    <file relUrl="Content/Easyui/src/jquery.datebox.js" publishTime="10/14/2013 10:34:27" />
    <file relUrl="Content/Easyui/themes/bootstrap/images/menu_arrows.png" publishTime="10/14/2013 10:34:27" />
    <file relUrl="Content/icons/monitor.png" publishTime="10/14/2013 10:34:29" />
    <file relUrl="Content/Easyui/themes/default/images/searchbox_button.png" publishTime="10/14/2013 10:34:26" />
    <file relUrl="Content/icons/account.png" publishTime="10/14/2013 10:34:29" />
    <file relUrl="bin/BW.MMS.DBUtility.pdb" publishTime="11/20/2013 10:18:44" />
    <file relUrl="Content/Easyui/themes/icons/mini_edit.png" publishTime="10/14/2013 10:34:26" />
    <file relUrl="Content/Easyui/themes/black/messager.css" publishTime="10/14/2013 10:34:27" />
    <file relUrl="Content/Easyui/themes/default/datagrid.css" publishTime="10/14/2013 10:34:26" />
    <file relUrl="Content/My97DatePicker/开发包/lang/zh-cn.js" publishTime="10/16/2013 10:10:56" />
    <file relUrl="Content/icons/chartline.png" publishTime="10/14/2013 10:34:29" />
    <file relUrl="Content/Easyui/plugins/jquery.validatebox.js" publishTime="10/14/2013 10:34:25" />
    <file relUrl="Content/Easyui/themes/bootstrap/window.css" publishTime="10/14/2013 10:34:27" />
    <file relUrl="Content/Easyui/locale/easyui-lang-zh_CN.js" publishTime="10/14/2013 10:34:25" />
    <file relUrl="Content/icons/card.png" publishTime="10/14/2013 10:34:29" />
    <file relUrl="Content/Easyui/themes/default/images/loading.gif" publishTime="10/14/2013 10:34:26" />
    <file relUrl="Content/Easyui/themes/test1/images/slider_handle.png" publishTime="10/14/2013 10:34:27" />
    <file relUrl="Content/Easyui/themes/default/splitbutton.css" publishTime="10/14/2013 10:34:26" />
  </publishProfile>
</publishData>